COD;ARTIC;PR_CON_IVA;usa_tinto;tipo_tinto;base_tinto;base_fisica_tinto;factor_envase_tinto;ajuste_formula_tinto;factor_tinto;litros_reales;unidad_detectada
84520963;RECUPLAST INT ACCENT MATE 1 LTS;10000;SI;PINTURA;ACCENT;ACCENT;1;1;1;1;L
84520966;RECUPLAST INT ACCENT MATE 10 LTS;100000;SI;PINTURA;ACCENT;ACCENT;10;1;10;10;L
84520967;RECUPLAST INT ACCENT MATE 20 LTS;200000;SI;PINTURA;ACCENT;ACCENT;20;1;20;20;L
84520964;RECUPLAST INT ACCENT MATE 4 LTS;40000;SI;PINTURA;ACCENT;ACCENT;4;1;4;4;L
84520976;RECUPLAST INT DEEP MATE  10 LTS;100000;SI;PINTURA;DEEP;DEEP;10;1;10;10;L
84520973;RECUPLAST INT DEEP MATE 1 LT;10000;SI;PINTURA;DEEP;DEEP;1;1;1;1;L
84520977;RECUPLAST INT DEEP MATE 20 LTS;200000;SI;PINTURA;DEEP;DEEP;20;1;20;20;L
84520974;RECUPLAST INT DEEP MATE 4 LTS;40000;SI;PINTURA;DEEP;DEEP;4;1;4;4;L
84520993;RECUPLAST INT MATE BLANCO 1 LT;10000;SI;PINTURA;PASTEL;PASTEL;1;1;1;1;L
84520996;RECUPLAST INT MATE BLANCO 10 LTS;100000;SI;PINTURA;PASTEL;PASTEL;10;1;10;10;L
84520997;RECUPLAST INT MATE BLANCO 20 LTS;200000;SI;PINTURA;PASTEL;PASTEL;20;1;20;20;L
84520994;RECUPLAST INT MATE BLANCO 4 LTS;40000;SI;PINTURA;PASTEL;PASTEL;4;1;4;4;L
84520983;RECUPLAST INT TINT MATE 1 LT;10000;SI;PINTURA;TINT;TINT;1;1;1;1;L
84520986;RECUPLAST INT TINT MATE 10 LTS;100000;SI;PINTURA;TINT;TINT;10;1;10;10;L
84520987;RECUPLAST INT TINT MATE 20 LTS;200000;SI;PINTURA;TINT;TINT;20;1;20;20;L
84520984;RECUPLAST INT TINT MATE 4 LTS;40000;SI;PINTURA;TINT;TINT;4;1;4;4;L
